{"_points":[{"_position":{"x":3.200000047683716,"y":1.9199999570846558,"z":-2.559999942779541},"_rotation":{"x":9.28600025177002,"y":-59.10499954223633,"z":-0.2709999978542328}},{"_position":{"x":0.0,"y":6.46999979019165,"z":-7.860000133514404},"_rotation":{"x":17.86199951171875,"y":0.0,"z":0.0}},{"_position":{"x":0.0,"y":28.469999313354493,"z":-7.860000133514404},"_rotation":{"x":17.86199951171875,"y":0.0,"z":0.0}}]}